algorithm,support_percent,min_support,runtime_seconds,num_frequent_itemsets
apriori,1.5,15,0.008553743362426758,21
setm,1.5,15,0.03597426414489746,21
apriori_tid,1.5,15,0.0010273456573486328,21
apriori_hybrid,1.5,15,0.003027200698852539,21
apriori,2.0,20,0.0016400814056396484,5
setm,2.0,20,0.003003835678100586,5
apriori_tid,2.0,20,0.0019974708557128906,5
apriori_hybrid,2.0,20,0.001505136489868164,5
